sexo,departamento,nota_promedio,edad
0,LP,65.0,23.0
0,LP,70.0,22.0
1,LP,56.0,23.0
0,CBBA,68.0,26.0
1,LP,68.38888888888889,21.0
0,SC,61.0,23.0
1,SC,59.0,22.0
1,LP,60.0,23.0
0,LP,65.0,23.666666666666668
0,LP,58.0,27.0
1,LP,68.0,25.0
0,LP,54.0,26.0
0,LP,74.0,23.666666666666668
1,LP,90.0,23.0
0,LP,92.0,23.0
0,LP,70.0,24.0
1,LP,70.0,28.0
0,LP,87.0,20.0
0,CBBA,64.0,23.0
1,LP,68.38888888888889,24.0
